0,0,0,0,0,4385,45976,4393,4070
0,0,0,0,0,4385,45976,4393,4070
0,0,0,0,0,4385,45976,4393,4070
0,0,0,0,0,4387,45990,4393,4070
0,0,0,0,0,4387,46032,4393,4070
0,0,0,0,0,4387,46036,4393,4070
0,0,0,0,0,4386,46038,4393,4070
0,0,0,0,0,4388,46044,4393,4070
0,0,0,0,0,4388,46044,4393,4070
0,0,0,0,0,4388,46044,4393,4070
0,0,0,0,0,4386,46046,4393,4070
0,0,0,0,0,4388,46068,4393,4070
0,0,0,0,0,4388,46068,4393,4070
0,0,0,0,0,4389,46088,4393,4070
0,0,0,0,0,4389,46090,4393,4070
0,0,0,0,0,4386,46092,4393,4070
0,0,0,0,0,4388,46096,4393,4070
0,0,0,0,0,4388,46096,4393,4070
0,0,0,0,0,4388,46098,4393,4070
0,0,0,0,0,4388,46100,4393,4070
0,0,0,0,0,4388,46100,4393,4070
0,0,0,0,0,4388,46116,4393,4070
0,0,0,0,0,4389,46138,4393,4070
0,0,0,0,0,4389,46138,4393,4070
0,0,0,0,0,4388,46142,4393,4070
0,0,0,0,0,4388,46142,4393,4070
0,0,0,0,0,4388,46142,4393,4070
0,0,0,0,0,4388,46144,4393,4070
0,0,0,0,0,4388,46148,4393,4070
0,0,0,0,0,4388,46148,4393,4070
0,0,0,0,0,4388,46148,4393,4070
0,0,0,0,0,4388,46152,4393,4070
0,0,0,0,0,4388,46154,4393,4070
0,0,0,0,0,4388,46160,4393,4070
0,0,0,0,0,4388,46174,4393,4070
0,0,0,0,0,4388,46174,4393,4070
0,0,0,0,0,4388,46174,4393,4070
0,0,0,0,0,4387,46182,4393,4070
0,0,0,0,0,4386,46200,4393,4070
0,0,0,0,0,4386,46200,4393,4070
0,0,0,0,0,4386,46220,4393,4070
0,0,0,0,0,4386,46234,4393,4070
0,0,0,0,0,4386,46236,4393,4070
0,0,0,0,0,4386,46254,4393,4070
0,0,0,0,0,4386,46256,4393,4070
0,0,0,0,0,4386,46256,4393,4070
0,0,0,0,0,4386,46256,4393,4070
0,0,0,0,0,4386,46256,4393,4070
0,0,0,0,0,4387,46272,4393,4070
0,0,0,0,0,4387,46272,4393,4070
0,0,0,0,0,4386,46310,4393,4070
0,0,0,0,0,4386,46314,4393,4070
0,0,0,0,0,4386,46314,4393,4070
0,0,0,0,0,4386,46314,4393,4070
0,0,0,0,0,4386,46314,4393,4070
0,0,0,0,0,4388,46334,4393,4070
0,0,0,0,0,4386,46344,4393,4070
0,0,0,0,0,4386,46350,4393,4070
0,0,0,0,0,4386,46350,4393,4070
0,0,0,0,0,4387,46354,4393,4070
0,0,0,0,0,4387,46450,4393,4070
0,0,0,0,0,4387,46450,4393,4070
0,0,0,0,0,4387,46470,4393,4070
0,0,0,0,0,4387,46482,4393,4070
0,0,0,0,0,4387,46570,4393,4070
0,0,0,0,0,4387,46580,4393,4070
0,0,0,0,0,4387,46582,4393,4070
0,0,0,0,0,4387,46582,4393,4070
0,0,0,0,0,4387,46582,4393,4070
0,0,0,0,0,4387,46596,4393,4070
0,0,0,0,0,4387,46596,4393,4070
0,0,0,0,0,4388,46602,4393,4070
0,0,0,0,0,4387,46604,4393,4070
0,0,0,0,0,4388,46606,4393,4070
0,0,0,0,0,4388,46606,4393,4070
0,0,0,0,0,4388,46606,4393,4070
0,0,0,0,0,4388,46606,4393,4070
0,0,0,0,0,4388,46606,4393,4070
0,0,0,0,0,4388,46606,4393,4070
0,0,0,0,0,4388,46616,4393,4070
0,0,0,0,0,4387,46632,4393,4070
0,0,0,0,0,4388,46634,4393,4070
0,0,0,0,0,4388,46634,4393,4070
0,0,0,0,0,4388,46634,4393,4070
0,0,0,0,0,4387,46640,4393,4070
0,0,0,0,0,4387,46640,4393,4070
0,0,0,0,0,4387,46640,4393,4070
0,0,0,0,0,4387,46684,4393,4070
0,0,0,0,0,4388,46758,4393,4070
0,0,0,0,0,4389,46764,4393,4070
0,0,0,0,0,4389,46786,4393,4070
0,0,0,0,0,4390,46788,4393,4070
0,0,0,0,0,4388,46834,4393,4070
0,0,0,0,0,4388,46874,4393,4070
0,0,0,0,0,4388,46886,4393,4070
0,0,0,0,0,4388,46936,4393,4070
0,0,0,0,0,4388,46936,4393,4070
0,0,0,0,0,4388,46940,4393,4070
0,0,0,0,0,4388,46940,4393,4070
0,0,0,0,0,4389,46942,4393,4070
0,0,0,0,0,4389,46942,4393,4070
0,0,0,0,0,4390,46982,4393,4070
0,0,0,0,0,4387,46984,4393,4070
0,0,0,0,0,4387,47008,4393,4070
0,0,0,0,0,4387,47010,4393,4070
0,0,0,0,0,4388,47022,4393,4070
0,0,0,0,0,4386,47042,4393,4070
0,0,0,0,0,4387,47046,4393,4070
0,0,0,0,0,4386,47066,4393,4070
0,0,0,0,0,4386,47066,4393,4070
0,0,0,0,0,4386,47068,4393,4070
0,0,0,0,0,4386,47068,4393,4070
0,0,0,0,0,4386,47070,4393,4070
0,0,0,0,0,4386,47070,4393,4070
0,0,0,0,0,4386,47070,4393,4070
0,0,0,0,0,4386,47070,4393,4070
0,0,0,0,0,4386,47070,4393,4070
0,0,0,0,0,4386,47072,4393,4070
0,0,0,0,0,4386,47072,4393,4070
0,0,0,0,0,4386,47072,4393,4070
0,0,0,0,0,4387,47082,4393,4070
0,0,0,0,0,4387,47086,4393,4070
0,0,0,0,0,4387,47122,4393,4070
0,0,0,0,0,4388,47142,4393,4070
0,0,0,0,0,4388,47142,4393,4070
0,0,0,0,0,4388,47142,4393,4070
0,0,0,0,0,4388,47142,4393,4070
0,0,0,0,0,4388,47142,4393,4070
0,0,0,0,0,4388,47142,4393,4070
0,0,0,0,0,4388,47166,4393,4070
0,0,0,0,0,4388,47166,4393,4070
0,0,0,0,0,4388,47166,4393,4070
0,0,0,0,0,4388,47168,4393,4070
0,0,0,0,0,4389,47178,4393,4070
0,0,0,0,0,4389,47198,4393,4070
0,0,0,0,0,4389,47240,4393,4070
0,0,0,0,0,4389,47252,4393,4070
0,0,0,0,0,4388,47294,4393,4070
0,0,0,0,0,4388,47302,4393,4070
0,0,0,0,0,4389,47306,4393,4070
0,0,0,0,0,4389,47306,4393,4070
0,0,0,0,0,4389,47306,4393,4070
0,0,0,0,0,4390,47348,4393,4070
0,0,0,0,0,4390,47500,4393,4070
0,0,0,0,0,4389,47514,4393,4070
0,0,0,0,0,4390,47516,4393,4070
0,0,0,0,0,4390,47520,4393,4070
0,0,0,0,0,4390,47524,4393,4070
0,0,0,0,0,4390,47530,4393,4070
0,0,0,0,0,4390,47560,4393,4070
0,0,0,0,0,4390,47566,4393,4070
0,0,0,0,0,4389,47568,4393,4070
0,0,0,0,0,4389,47568,4393,4070
0,0,0,0,0,4389,47594,4393,4070
0,0,0,0,0,4389,47594,4393,4070
0,0,0,0,0,4389,47608,4393,4070
0,0,0,0,0,4389,47608,4393,4070
0,0,0,0,0,4389,47608,4393,4070
0,0,0,0,0,4388,47612,4393,4070
0,0,0,0,0,4388,47622,4393,4070
0,0,0,0,0,4389,47644,4393,4070
0,0,0,0,0,4389,47644,4393,4070
0,0,0,0,0,4389,47644,4393,4070
0,0,0,0,0,4389,47644,4393,4070
0,0,0,0,0,4389,47644,4393,4070
0,0,0,0,0,4389,47644,4393,4070
0,0,0,0,0,4388,47654,4393,4070
0,0,0,0,0,4388,47654,4393,4070
0,0,0,0,0,4388,47656,4393,4070
0,0,0,0,0,4388,47656,4393,4070
0,0,0,0,0,4388,47656,4393,4070
0,0,0,0,0,4389,47658,4393,4070
0,0,0,0,0,4387,47662,4393,4070
0,0,0,0,0,4389,47664,4393,4070
0,0,0,0,0,4389,47666,4393,4070
0,0,0,0,0,4389,47668,4393,4070
0,0,0,0,0,4389,47674,4393,4070
0,0,0,0,0,4389,47674,4393,4070
0,0,0,0,0,4389,47674,4393,4070
0,0,0,0,0,4389,47674,4393,4070
0,0,0,0,0,4389,47676,4393,4070
0,0,0,0,0,4389,47676,4393,4070
0,0,0,0,0,4389,47676,4393,4070
0,0,0,0,0,4389,47676,4393,4070
0,0,0,0,0,4389,47676,4393,4070
0,0,0,0,0,4389,47676,4393,4070
0,0,0,0,0,4389,47676,4393,4070
0,0,0,0,0,4389,47676,4393,4070
0,0,0,0,0,4389,47676,4393,4070
0,0,0,0,0,4388,47680,4393,4070
0,0,0,0,0,4388,47680,4393,4070
0,0,0,0,0,4388,47680,4393,4070
0,0,0,0,0,4388,47680,4393,4070
0,0,0,0,0,4388,47680,4393,4070
0,0,0,0,0,4388,47680,4393,4070
0,0,0,0,0,4389,47684,4393,4070
0,0,0,0,0,4388,47700,4393,4070
0,0,0,0,0,4388,47700,4393,4070
0,0,0,0,0,4388,47720,4393,4070
0,0,0,0,0,4387,47724,4393,4070
0,0,0,0,0,4387,47724,4393,4070
0,0,0,0,0,4387,47724,4393,4070
0,0,0,0,0,4388,47730,4393,4070
0,0,0,0,0,4388,47732,4393,4070
0,0,0,0,0,4388,47734,4393,4070
0,0,0,0,0,4388,47734,4393,4070
0,0,0,0,0,4388,47744,4393,4070
0,0,0,0,0,4388,47746,4393,4070
0,0,0,0,0,4388,47750,4393,4070
0,0,0,0,0,4388,47750,4393,4070
0,0,0,0,0,4387,47794,4393,4070
0,0,0,0,0,4387,47802,4393,4070
0,0,0,0,0,4387,47802,4393,4070
0,0,0,0,0,4388,47816,4393,4070
0,0,0,0,0,4388,47818,4393,4070
0,0,0,0,0,4388,47818,4393,4070
0,0,0,0,0,4388,47818,4393,4070
0,0,0,0,0,4388,47824,4393,4070
0,0,0,0,0,4388,47824,4393,4070
0,0,0,0,0,4388,47824,4393,4070
0,0,0,0,0,4387,47826,4393,4070
0,0,0,0,0,4387,47826,4393,4070
0,0,0,0,0,4386,47830,4393,4070
0,0,0,0,0,4387,47832,4393,4070
0,0,0,0,0,4387,47832,4393,4070
0,0,0,0,0,4387,47832,4393,4070
0,0,0,0,0,4387,47838,4393,4070
0,0,0,0,0,4387,47840,4393,4070
0,0,0,0,0,4387,47842,4393,4070
0,0,0,0,0,4387,47842,4393,4070
0,0,0,0,0,4386,47844,4393,4070
0,0,0,0,0,4386,47884,4393,4070
0,0,0,0,0,4385,47910,4393,4070
0,0,0,0,0,4385,47912,4393,4070
0,0,0,0,0,4385,47912,4393,4070
0,0,0,0,0,4385,47912,4393,4070
0,0,0,0,0,4385,47912,4393,4070
0,0,0,0,0,4384,47952,4393,4070
0,0,0,0,0,4384,47976,4393,4070
0,0,0,0,0,4383,47986,4393,4070
0,0,0,0,0,4384,47992,4393,4070
0,0,0,0,0,4383,48068,4393,4070
0,0,0,0,0,4383,48068,4393,4070
0,0,0,0,0,4383,48072,4393,4070
0,0,0,0,0,4384,48080,4393,4070
0,0,0,0,0,4384,48080,4393,4070
0,0,0,0,0,4384,48080,4393,4070
0,0,0,0,0,4383,48094,4393,4070
0,0,0,0,0,4383,48102,4393,4070
0,0,0,0,0,4383,48102,4393,4070
0,0,0,0,0,4383,48102,4393,4070
0,0,0,0,0,4384,48202,4393,4070
0,0,0,0,0,4384,48362,4393,4070
0,0,0,0,0,4384,48362,4393,4070
0,0,0,0,0,4384,48362,4393,4070
0,0,0,0,0,4384,48362,4393,4070
0,0,0,0,0,4384,48362,4393,4070
0,0,0,0,0,4385,48374,4393,4070
0,0,0,0,0,4385,48374,4393,4070
0,0,0,0,0,4384,48376,4393,4070
0,0,0,0,0,4384,48376,4393,4070
0,0,0,0,0,4384,48378,4393,4070
0,0,0,0,0,4384,48380,4393,4070
0,0,0,0,0,4384,48390,4393,4070
0,0,0,0,0,4384,48390,4393,4070
0,0,0,0,0,4384,48390,4393,4070
0,0,0,0,0,4384,48390,4393,4070
0,0,0,0,0,4384,48390,4393,4070
0,0,0,0,0,4384,48390,4393,4070
0,0,0,0,0,4384,48390,4393,4070
0,0,0,0,0,4384,48392,4393,4070
0,0,0,0,0,4384,48392,4393,4070
0,0,0,0,0,4385,48396,4393,4070
0,0,0,0,0,4385,48400,4393,4070
0,0,0,0,0,4385,48402,4393,4070
0,0,0,0,0,4385,48402,4393,4070
0,0,0,0,0,4385,48402,4393,4070
0,0,0,0,0,4385,48402,4393,4070
0,0,0,0,0,4385,48402,4393,4070
0,0,0,0,0,4385,48402,4393,4070
0,0,0,0,0,4385,48402,4393,4070
0,0,0,0,0,4385,48402,4393,4070
0,0,0,0,0,4385,48404,4393,4070
0,0,0,0,0,4385,48424,4393,4070
0,0,0,0,0,4385,48428,4393,4070
0,0,0,0,0,4386,48434,4393,4070
0,0,0,0,0,4386,48434,4393,4070
0,0,0,0,0,4386,48434,4393,4070
0,0,0,0,0,4386,48434,4393,4070
0,0,0,0,0,4387,48436,4393,4070
0,0,0,0,0,4387,48436,4393,4070
0,0,0,0,0,4387,48436,4393,4070
0,0,0,0,0,4387,48436,4393,4070
0,0,0,0,0,4387,48436,4393,4070
0,0,0,0,0,4387,48436,4393,4070
0,0,0,0,0,4387,48436,4393,4070
0,0,0,0,0,4386,48442,4393,4070
0,0,0,0,0,4386,48442,4393,4070
0,0,0,0,0,4386,48442,4393,4070
0,0,0,0,0,4386,48442,4393,4070
0,0,0,0,0,4386,48442,4393,4070
0,0,0,0,0,4386,48442,4393,4070
0,0,0,0,0,4386,48444,4393,4070
0,0,0,0,0,4386,48444,4393,4070
0,0,0,0,0,4386,48444,4393,4070
0,0,0,0,0,4387,48446,4393,4070
0,0,0,0,0,4387,48446,4393,4070
0,0,0,0,0,4387,48446,4393,4070
0,0,0,0,0,4387,48446,4393,4070
0,0,0,0,0,4387,48446,4393,4070
0,0,0,0,0,4387,48446,4393,4070
0,0,0,0,0,4387,48446,4393,4070
0,0,0,0,0,4387,48446,4393,4070
0,0,0,0,0,4387,48446,4393,4070
0,0,0,0,0,4386,48466,4393,4070
0,0,0,0,0,4386,48472,4393,4070
0,0,0,0,0,4386,48472,4393,4070
0,0,0,0,0,4386,48474,4393,4070
0,0,0,0,0,4386,48474,4393,4070
0,0,0,0,0,4386,48474,4393,4070
0,0,0,0,0,4386,48476,4393,4070
0,0,0,0,0,4385,48478,4393,4070
0,0,0,0,0,4385,48478,4393,4070
0,0,0,0,0,4385,48480,4393,4070
0,0,0,0,0,4385,48480,4393,4070
0,0,0,0,0,4385,48480,4393,4070
0,0,0,0,0,4385,48484,4393,4070
0,0,0,0,0,4385,48486,4393,4070
0,0,0,0,0,4385,48514,4393,4070
0,0,0,0,0,4385,48514,4393,4070
0,0,0,0,0,4385,48518,4393,4070
0,0,0,0,0,4385,48522,4393,4070
0,0,0,0,0,4385,48552,4393,4070
0,0,0,0,0,4385,48552,4393,4070
0,0,0,0,0,4384,48554,4393,4070
0,0,0,0,0,4384,48554,4393,4070
0,0,0,0,0,4384,48554,4393,4070
0,0,0,0,0,4384,48554,4393,4070
0,0,0,0,0,4384,48554,4393,4070
0,0,0,0,0,4385,48560,4393,4070
0,0,0,0,0,4385,48560,4393,4070
0,0,0,0,0,4385,48560,4393,4070
0,0,0,0,0,4384,48562,4393,4070
0,0,0,0,0,4384,48562,4393,4070
0,0,0,0,0,4384,48562,4393,4070
0,0,0,0,0,4384,48562,4393,4070
0,0,0,0,0,4384,48562,4393,4070
0,0,0,0,0,4384,48564,4393,4070
0,0,0,0,0,4384,48566,4393,4070
0,0,0,0,0,4384,48566,4393,4070
0,0,0,0,0,4384,48566,4393,4070
0,0,0,0,0,4384,48568,4393,4070
0,0,0,0,0,4385,48570,4393,4070
0,0,0,0,0,4384,48580,4393,4070
0,0,0,0,0,4385,48586,4393,4070
0,0,0,0,0,4385,48586,4393,4070
0,0,0,0,0,4384,48588,4393,4070
0,0,0,0,0,4384,48588,4393,4070
0,0,0,0,0,4384,48588,4393,4070
0,0,0,0,0,4384,48588,4393,4070
0,0,0,0,0,4384,48590,4393,4070
0,0,0,0,0,4384,48602,4393,4070
0,0,0,0,0,4384,48602,4393,4070
0,0,0,0,0,4385,48612,4393,4070
0,0,0,0,0,4385,48612,4393,4070
0,0,0,0,0,4385,48612,4393,4070
0,0,0,0,0,4384,48614,4393,4070
0,0,0,0,0,4384,48614,4393,4070
0,0,0,0,0,4384,48614,4393,4070
0,0,0,0,0,4384,48614,4393,4070
0,0,0,0,0,4384,48614,4393,4070
0,0,0,0,0,4384,48614,4393,4070
0,0,0,0,0,4383,48616,4393,4070
0,0,0,0,0,4383,48616,4393,4070
0,0,0,0,0,4383,48616,4393,4070
0,0,0,0,0,4383,48620,4393,4070
0,0,0,0,0,4383,48620,4393,4070
0,0,0,0,0,4383,48630,4393,4070
0,0,0,0,0,4384,48632,4393,4070
0,0,0,0,0,4384,48636,4393,4070
0,0,0,0,0,4383,48640,4393,4070
0,0,0,0,0,4383,48640,4393,4070
0,0,0,0,0,4383,48640,4393,4070
0,0,0,0,0,4383,48640,4393,4070
0,0,0,0,0,4383,48640,4393,4070
0,0,0,0,0,4384,48644,4393,4070
0,0,0,0,0,4383,48650,4393,4070
0,0,0,0,0,4383,48650,4393,4070
0,0,0,0,0,4383,48650,4393,4070
0,0,0,0,0,4383,48650,4393,4070
0,0,0,0,0,4383,48650,4393,4070
0,0,0,0,0,4383,48654,4393,4070
0,0,0,0,0,4383,48654,4393,4070
0,0,0,0,0,4383,48656,4393,4070
0,0,0,0,0,4383,48656,4393,4070
0,0,0,0,0,4384,48670,4393,4070
0,0,0,0,0,4383,48678,4393,4070
0,0,0,0,0,4384,48680,4393,4070
0,0,0,0,0,4384,48680,4393,4070
0,0,0,0,0,4384,48680,4393,4070
0,0,0,0,0,4384,48680,4393,4070
0,0,0,0,0,4384,48680,4393,4070
0,0,0,0,0,4384,48680,4393,4070
0,0,0,0,0,4384,48680,4393,4070
0,0,0,0,0,4384,48684,4393,4070
0,0,0,0,0,4384,48684,4393,4070
0,0,0,0,0,4384,48684,4393,4070
0,0,0,0,0,4383,48704,4393,4070
0,0,0,0,0,4383,48704,4393,4070
0,0,0,0,0,4383,48704,4393,4070
0,0,0,0,0,4383,48704,4393,4070
0,0,0,0,0,4383,48704,4393,4070
0,0,0,0,0,4383,48704,4393,4070
0,0,0,0,0,4383,48704,4393,4070
0,0,0,0,0,4383,48704,4393,4070
0,0,0,0,0,4383,48704,4393,4070
0,0,0,0,0,4383,48704,4393,4070
0,0,0,0,0,4383,48704,4393,4070
0,0,0,0,0,4383,48712,4393,4070
0,0,0,0,0,4384,48714,4393,4070
0,0,0,0,0,4383,48716,4393,4070
0,0,0,0,0,4383,48720,4393,4070
0,0,0,0,0,4383,48720,4393,4070
0,0,0,0,0,4383,48722,4393,4070
0,0,0,0,0,4382,48726,4393,4070
0,0,0,0,0,4382,48794,4393,4070
0,0,0,0,0,4383,48870,4393,4070
0,0,0,0,0,4381,48878,4393,4070
0,0,0,0,0,4381,48930,4393,4070
0,0,0,0,0,4381,48930,4393,4070
0,0,0,0,0,4381,48930,4393,4070
0,0,0,0,0,4381,48930,4393,4070
0,0,0,0,0,4381,48930,4393,4070
0,0,0,0,0,4381,48950,4393,4070
0,0,0,0,0,4381,48956,4393,4070
0,0,0,0,0,4381,48960,4393,4070
0,0,0,0,0,4381,48962,4393,4070
0,0,0,0,0,4381,48962,4393,4070
0,0,0,0,0,4381,48962,4393,4070
0,0,0,0,0,4381,48962,4393,4070
0,0,0,0,0,4381,48962,4393,4070
0,0,0,0,0,4381,48962,4393,4070
0,0,0,0,0,4381,48962,4393,4070
0,0,0,0,0,4381,48962,4393,4070
0,0,0,0,0,4381,48962,4393,4070
0,0,0,0,0,4381,48962,4393,4070
0,0,0,0,0,4382,48970,4393,4070
0,0,0,0,0,4382,48974,4393,4070
0,0,0,0,0,4382,48974,4393,4070
0,0,0,0,0,4382,48974,4393,4070
0,0,0,0,0,4382,48974,4393,4070
0,0,0,0,0,4382,48998,4393,4070
0,0,0,0,0,4382,49014,4393,4070
0,0,0,0,0,4382,49014,4393,4070
0,0,0,0,0,4382,49016,4393,4070
0,0,0,0,0,4382,49018,4393,4070
0,0,0,0,0,4382,49018,4393,4070
0,0,0,0,0,4382,49020,4393,4070
0,0,0,0,0,4382,49020,4393,4070
0,0,0,0,0,4382,49020,4393,4070
0,0,0,0,0,4382,49020,4393,4070
0,0,0,0,0,4382,49024,4393,4070
0,0,0,0,0,4382,49028,4393,4070
0,0,0,0,0,4382,49028,4393,4070
0,0,0,0,0,4382,49030,4393,4070
0,0,0,0,0,4382,49036,4393,4070
0,0,0,0,0,4382,49040,4393,4070
0,0,0,0,0,4382,49040,4393,4070
0,0,0,0,0,4382,49040,4393,4070
0,0,0,0,0,4382,49040,4393,4070
0,0,0,0,0,4382,49054,4393,4070
0,0,0,0,0,4382,49054,4393,4070
0,0,0,0,0,4382,49054,4393,4070
0,0,0,0,0,4382,49054,4393,4070
0,0,0,0,0,4383,49068,4393,4070
0,0,0,0,0,4383,49068,4393,4070
0,0,0,0,0,4383,49068,4393,4070
0,0,0,0,0,4383,49068,4393,4070
0,0,0,0,0,4383,49084,4393,4070
0,0,0,0,0,4384,49098,4393,4070
0,0,0,0,0,4384,49098,4393,4070
0,0,0,0,0,4384,49098,4393,4070
0,0,0,0,0,4384,49100,4393,4070
0,0,0,0,0,4383,49196,4393,4070
0,0,0,0,0,4384,49258,4393,4070
0,0,0,0,0,4384,49258,4393,4070
0,0,0,0,0,4384,49260,4393,4070
0,0,0,0,0,4384,49260,4393,4070
0,0,0,0,0,4384,49260,4393,4070
0,0,0,0,0,4384,49260,4393,4070
0,0,0,0,0,4384,49260,4393,4070
0,0,0,0,0,4384,49260,4393,4070
0,0,0,0,0,4385,49284,4393,4070
0,0,0,0,0,4385,49296,4393,4070
0,0,0,0,0,4385,49298,4393,4070
0,0,0,0,0,4385,49298,4393,4070
0,0,0,0,0,4384,49302,4393,4070
0,0,0,0,0,4384,49302,4393,4070
0,0,0,0,0,4384,49314,4393,4070
0,0,0,0,0,4384,49314,4393,4070
0,0,0,0,0,4384,49314,4393,4070
0,0,0,0,0,4384,49314,4393,4070
0,0,0,0,0,4384,49322,4393,4070
0,0,0,0,0,4384,49322,4393,4070
0,0,0,0,0,4384,49322,4393,4070
0,0,0,0,0,4383,49350,4393,4070
0,0,0,0,0,4383,49352,4393,4070
0,0,0,0,0,4383,49352,4393,4070
0,0,0,0,0,4383,49352,4393,4070
0,0,0,0,0,4383,49352,4393,4070
0,0,0,0,0,4383,49352,4393,4070
0,0,0,0,0,4383,49352,4393,4070
0,0,0,0,0,4383,49352,4393,4070
0,0,0,0,0,4383,49352,4393,4070
0,0,0,0,0,4383,49352,4393,4070
0,0,0,0,0,4383,49352,4393,4070
0,0,0,0,0,4383,49352,4393,4070
0,0,0,0,0,4383,49356,4393,4070
0,0,0,0,0,4383,49356,4393,4070
0,0,0,0,0,4383,49356,4393,4070
0,0,0,0,0,4383,49356,4393,4070
0,0,0,0,0,4383,49356,4393,4070
0,0,0,0,0,4383,49362,4393,4070
0,0,0,0,0,4383,49362,4393,4070
0,0,0,0,0,4383,49362,4393,4070
0,0,0,0,0,4383,49362,4393,4070
0,0,0,0,0,4382,49416,4393,4070
0,0,0,0,0,4382,49562,4393,4070
0,0,0,0,0,4382,49562,4393,4070
0,0,0,0,0,4382,49562,4393,4070
0,0,0,0,0,4382,49562,4393,4070
0,0,0,0,0,4382,49562,4393,4070
0,0,0,0,0,4382,49562,4393,4070
0,0,0,0,0,4382,49562,4393,4070
0,0,0,0,0,4382,49562,4393,4070
0,0,0,0,0,4382,49562,4393,4070
0,0,0,0,0,4382,49562,4393,4070
0,0,0,0,0,4382,49562,4393,4070
0,0,0,0,0,4382,49562,4393,4070
0,0,0,0,0,4382,49564,4393,4070
0,0,0,0,0,4382,49566,4393,4070
0,0,0,0,0,4383,49568,4393,4070
0,0,0,0,0,4383,49590,4393,4070
0,0,0,0,0,4383,49604,4393,4070
0,0,0,0,0,4383,49604,4393,4070
0,0,0,0,0,4383,49604,4393,4070
0,0,0,0,0,4383,49604,4393,4070
0,0,0,0,0,4383,49604,4393,4070
0,0,0,0,0,4383,49604,4393,4070
0,0,0,0,0,4383,49608,4393,4070
0,0,0,0,0,4383,49612,4393,4070
0,0,0,0,0,4383,49614,4393,4070
0,0,0,0,0,4383,49616,4393,4070
0,0,0,0,0,4383,49616,4393,4070
0,0,0,0,0,4383,49620,4393,4070
0,0,0,0,0,4383,49620,4393,4070
0,0,0,0,0,4383,49620,4393,4070
0,0,0,0,0,4383,49620,4393,4070
0,0,0,0,0,4383,49620,4393,4070
0,0,0,0,0,4381,49686,4393,4070
0,0,0,0,0,4381,49686,4393,4070
0,0,0,0,0,4381,49686,4393,4070
0,0,0,0,0,4381,49686,4393,4070
0,0,0,0,0,4381,49686,4393,4070
0,0,0,0,0,4381,49686,4393,4070
0,0,0,0,0,4381,49686,4393,4070
0,0,0,0,0,4381,49686,4393,4070
0,0,0,0,0,4381,49686,4393,4070
0,0,0,0,0,4382,49716,4393,4070
0,0,0,0,0,4381,49744,4393,4070
0,0,0,0,0,4381,49754,4393,4070
0,0,0,0,0,4381,49840,4393,4070
0,0,0,0,0,4381,49840,4393,4070
0,0,0,0,0,4381,49840,4393,4070
0,0,0,0,0,4381,49840,4393,4070
0,0,0,0,0,4381,49840,4393,4070
0,0,0,0,0,4381,49840,4393,4070
0,0,0,0,0,4381,49840,4393,4070
0,0,0,0,0,4381,49862,4393,4070
0,0,0,0,0,4381,49886,4393,4070
0,0,0,0,0,4381,49886,4393,4070
0,0,0,0,0,4381,49888,4393,4070
0,0,0,0,0,4381,49888,4393,4070
0,0,0,0,0,4381,49888,4393,4070
0,0,0,0,0,4381,49888,4393,4070
0,0,0,0,0,4381,49888,4393,4070
0,0,0,0,0,4382,49890,4393,4070
0,0,0,0,0,4383,49898,4393,4070
0,0,0,0,0,4383,49898,4393,4070
0,0,0,0,0,4382,49986,4393,4070
0,0,0,0,0,4382,49990,4393,4070
0,0,0,0,0,4382,49990,4393,4070
0,0,0,0,0,4382,49992,4393,4070
0,0,0,0,0,4382,49992,4393,4070
0,0,0,0,0,4382,49992,4393,4070
0,0,0,0,0,4382,49996,4393,4070
0,0,0,0,0,4384,49998,4393,4070
0,0,0,0,0,4384,49998,4393,4070
0,0,0,0,0,4383,50014,4393,4070
0,0,0,0,0,4382,50020,4393,4070
0,0,0,0,0,4382,50030,4393,4070
0,0,0,0,0,4382,50034,4393,4070
0,0,0,0,0,4382,50034,4393,4070
0,0,0,0,0,4382,50034,4393,4070
0,0,0,0,0,4382,50034,4393,4070
0,0,0,0,0,4382,50034,4393,4070
0,0,0,0,0,4382,50034,4393,4070
0,0,0,0,0,4383,50036,4393,4070
0,0,0,0,0,4383,50036,4393,4070
0,0,0,0,0,4383,50038,4393,4070
0,0,0,0,0,4382,50040,4393,4070
0,0,0,0,0,4382,50040,4393,4070
0,0,0,0,0,4382,50040,4393,4070
0,0,0,0,0,4382,50048,4393,4070
0,0,0,0,0,4382,50048,4393,4070
0,0,0,0,0,4382,50048,4393,4070
0,0,0,0,0,4382,50048,4393,4070
0,0,0,0,0,4382,50048,4393,4070
0,0,0,0,0,4382,50048,4393,4070
0,0,0,0,0,4382,50048,4393,4070
0,0,0,0,0,4382,50088,4393,4070
0,0,0,0,0,4382,50148,4393,4070
0,0,0,0,0,4382,50148,4393,4070
0,0,0,0,0,4382,50148,4393,4070
0,0,0,0,0,4382,50148,4393,4070
0,0,0,0,0,4382,50148,4393,4070
0,0,0,0,0,4382,50148,4393,4070
0,0,0,0,0,4382,50148,4393,4070
0,0,0,0,0,4382,50148,4393,4070
0,0,0,0,0,4383,50168,4393,4070
0,0,0,0,0,4383,50168,4393,4070
0,0,0,0,0,4382,50170,4393,4070
0,0,0,0,0,4382,50170,4393,4070
0,0,0,0,0,4382,50170,4393,4070
0,0,0,0,0,4382,50170,4393,4070
0,0,0,0,0,4383,50172,4393,4070
0,0,0,0,0,4383,50172,4393,4070
0,0,0,0,0,4383,50172,4393,4070
0,0,0,0,0,4383,50172,4393,4070
0,0,0,0,0,4383,50172,4393,4070
0,0,0,0,0,4383,50172,4393,4070
0,0,0,0,0,4382,50174,4393,4070
0,0,0,0,0,4383,50176,4393,4070
0,0,0,0,0,4383,50176,4393,4070
0,0,0,0,0,4383,50176,4393,4070
0,0,0,0,0,4383,50176,4393,4070
0,0,0,0,0,4383,50176,4393,4070
0,0,0,0,0,4383,50176,4393,4070
0,0,0,0,0,4382,50178,4393,4070
0,0,0,0,0,4382,50178,4393,4070
0,0,0,0,0,4382,50178,4393,4070
0,0,0,0,0,4382,50178,4393,4070
0,0,0,0,0,4382,50210,4393,4070
0,0,0,0,0,4382,50228,4393,4070
0,0,0,0,0,4382,50228,4393,4070
0,0,0,0,0,4382,50228,4393,4070
0,0,0,0,0,4382,50228,4393,4070
0,0,0,0,0,4382,50278,4393,4070
0,0,0,0,0,4382,50278,4393,4070
0,0,0,0,0,4381,50314,4393,4070
0,0,0,0,0,4381,50314,4393,4070
0,0,0,0,0,4383,50316,4393,4070
0,0,0,0,0,4383,50318,4393,4070
0,0,0,0,0,4383,50318,4393,4070
0,0,0,0,0,4383,50318,4393,4070
0,0,0,0,0,4383,50318,4393,4070
0,0,0,0,0,4382,50324,4393,4070
0,0,0,0,0,4383,50332,4393,4070
0,0,0,0,0,4383,50332,4393,4070
0,0,0,0,0,4382,50340,4393,4070
0,0,0,0,0,4382,50340,4393,4070
0,0,0,0,0,4383,50342,4393,4070
0,0,0,0,0,4383,50344,4393,4070
0,0,0,0,0,4383,50344,4393,4070
0,0,0,0,0,4383,50392,4393,4070
0,0,0,0,0,4383,50410,4393,4070
0,0,0,0,0,4383,50410,4393,4070
0,0,0,0,0,4383,50410,4393,4070
0,0,0,0,0,4383,50410,4393,4070
0,0,0,0,0,4383,50412,4393,4070
0,0,0,0,0,4383,50412,4393,4070
0,0,0,0,0,4383,50412,4393,4070
0,0,0,0,0,4383,50412,4393,4070
0,0,0,0,0,4383,50412,4393,4070
0,0,0,0,0,4384,50454,4393,4070
0,0,0,0,0,4384,50454,4393,4070
0,0,0,0,0,4384,50454,4393,4070
0,0,0,0,0,4384,50454,4393,4070
0,0,0,0,0,4384,50454,4393,4070
0,0,0,0,0,4384,50454,4393,4070
0,0,0,0,0,4384,50454,4393,4070
0,0,0,0,0,4384,50454,4393,4070
0,0,0,0,0,4384,50454,4393,4070
0,0,0,0,0,4384,50454,4393,4070
0,0,0,0,0,4384,50454,4393,4070
0,0,0,0,0,4384,50454,4393,4070
0,0,0,0,0,4384,50454,4393,4070
0,0,0,0,0,4385,50456,4393,4070
0,0,0,0,0,4385,50456,4393,4070
0,0,0,0,0,4385,50456,4393,4070
0,0,0,0,0,4385,50456,4393,4070
0,0,0,0,0,4385,50458,4393,4070
0,0,0,0,0,4385,50458,4393,4070
0,0,0,0,0,4385,50458,4393,4070
0,0,0,0,0,4385,50458,4393,4070
0,0,0,0,0,4385,50458,4393,4070
0,0,0,0,0,4385,50464,4393,4070
0,0,0,0,0,4385,50464,4393,4070
0,0,0,0,0,4385,50464,4393,4070
0,0,0,0,0,4385,50464,4393,4070
0,0,0,0,0,4385,50464,4393,4070
0,0,0,0,0,4385,50464,4393,4070
0,0,0,0,0,4385,50464,4393,4070
0,0,0,0,0,4385,50464,4393,4070
0,0,0,0,0,4385,50464,4393,4070
0,0,0,0,0,4384,50466,4393,4070
0,0,0,0,0,4384,50466,4393,4070
0,0,0,0,0,4384,50466,4393,4070
0,0,0,0,0,4384,50466,4393,4070
0,0,0,0,0,4384,50466,4393,4070
0,0,0,0,0,4384,50466,4393,4070
0,0,0,0,0,4384,50466,4393,4070
0,0,0,0,0,4385,50468,4393,4070
0,0,0,0,0,4384,50470,4393,4070
0,0,0,0,0,4384,50470,4393,4070
0,0,0,0,0,4384,50470,4393,4070
0,0,0,0,0,4385,50472,4393,4070
0,0,0,0,0,4385,50472,4393,4070
0,0,0,0,0,4385,50472,4393,4070
0,0,0,0,0,4384,50474,4393,4070
0,0,0,0,0,4385,50480,4393,4070
0,0,0,0,0,4385,50480,4393,4070
0,0,0,0,0,4384,50484,4393,4070
0,0,0,0,0,4384,50494,4393,4070
0,0,0,0,0,4384,50494,4393,4070
0,0,0,0,0,4384,50494,4393,4070
0,0,0,0,0,4384,50494,4393,4070
0,0,0,0,0,4384,50494,4393,4070
0,0,0,0,0,4384,50494,4393,4070
0,0,0,0,0,4384,50494,4393,4070
0,0,0,0,0,4385,50502,4393,4070
0,0,0,0,0,4385,50510,4393,4070
0,0,0,0,0,4385,50534,4393,4070
0,0,0,0,0,4385,50574,4393,4070
0,0,0,0,0,4385,50614,4393,4070
0,0,0,0,0,4385,50726,4393,4070
0,0,0,0,0,4385,50756,4393,4070
0,0,0,0,0,4385,50756,4393,4070
0,0,0,0,0,4385,50756,4393,4070
0,0,0,0,0,4385,50756,4393,4070
0,0,0,0,0,4385,50756,4393,4070
0,0,0,0,0,4385,50756,4393,4070
0,0,0,0,0,4385,50760,4393,4070
0,0,0,0,0,4386,50786,4393,4070
0,0,0,0,0,4386,50786,4393,4070
0,0,0,0,0,4387,50812,4393,4070
0,0,0,0,0,4387,50892,4393,4070
0,0,0,0,0,4387,50896,4393,4070
0,0,0,0,0,4388,50898,4393,4070
0,0,0,0,0,4388,50898,4393,4070
0,0,0,0,0,4388,50912,4393,4070
0,0,0,0,0,4388,50912,4393,4070
0,0,0,0,0,4388,50914,4393,4070
0,0,0,0,0,4388,50918,4393,4070
0,0,0,0,0,4389,50978,4393,4070
0,0,0,0,0,4389,51008,4393,4070
0,0,0,0,0,4391,51054,4393,4070
0,0,0,0,0,4390,51084,4393,4070
0,0,0,0,0,4389,51106,4393,4070
0,0,0,0,0,4388,51132,4393,4070
0,0,0,0,0,4388,51138,4393,4070
0,0,0,0,0,4389,51140,4393,4070
0,0,0,0,0,4389,51140,4393,4070
0,0,0,0,0,4389,51140,4393,4070
0,0,0,0,0,4389,51140,4393,4070
0,0,0,0,0,4389,51140,4393,4070
0,0,0,0,0,4389,51150,4393,4070
0,0,0,0,0,4389,51150,4393,4070
0,0,0,0,0,4389,51150,4393,4070
0,0,0,0,0,4388,51152,4393,4070
0,0,0,0,0,4388,51152,4393,4070
0,0,0,0,0,4388,51152,4393,4070
0,0,0,0,0,4388,51152,4393,4070
0,0,0,0,0,4388,51160,4393,4070
0,0,0,0,0,4388,51160,4393,4070
0,0,0,0,0,4387,51162,4393,4070
0,0,0,0,0,4387,51162,4393,4070
0,0,0,0,0,4387,51162,4393,4070
0,0,0,0,0,4387,51162,4393,4070
0,0,0,0,0,4387,51162,4393,4070
0,0,0,0,0,4388,51190,4393,4070
0,0,0,0,0,4387,51192,4393,4070
0,0,0,0,0,4387,51192,4393,4070
0,0,0,0,0,4387,51192,4393,4070
0,0,0,0,0,4387,51192,4393,4070
0,0,0,0,0,4387,51194,4393,4070
0,0,0,0,0,4387,51196,4393,4070
0,0,0,0,0,4388,51200,4393,4070
0,0,0,0,0,4387,51212,4393,4070
0,0,0,0,0,4387,51212,4393,4070
0,0,0,0,0,4387,51214,4393,4070
0,0,0,0,0,4387,51214,4393,4070
0,0,0,0,0,4387,51214,4393,4070
0,0,0,0,0,4387,51214,4393,4070
0,0,0,0,0,4387,51214,4393,4070
0,0,0,0,0,4387,51214,4393,4070
0,0,0,0,0,4387,51216,4393,4070
0,0,0,0,0,4388,51236,4393,4070
0,0,0,0,0,4388,51236,4393,4070
0,0,0,0,0,4388,51282,4393,4070
0,0,0,0,0,4388,51284,4393,4070
0,0,0,0,0,4388,51288,4393,4070
0,0,0,0,0,4388,51290,4393,4070
0,0,0,0,0,4388,51290,4393,4070
0,0,0,0,0,4388,51290,4393,4070
0,0,0,0,0,4388,51296,4393,4070
0,0,0,0,0,4388,51296,4393,4070
0,0,0,0,0,4389,51298,4393,4070
0,0,0,0,0,4388,51318,4393,4070
0,0,0,0,0,4389,51332,4393,4070
0,0,0,0,0,4389,51336,4393,4070
0,0,0,0,0,4389,51336,4393,4070
0,0,0,0,0,4389,51376,4393,4070
0,0,0,0,0,4389,51380,4393,4070
0,0,0,0,0,4389,51390,4393,4070
0,0,0,0,0,4389,51390,4393,4070
0,0,0,0,0,4389,51392,4393,4070
0,0,0,0,0,4389,51410,4393,4070
0,0,0,0,0,4389,51412,4393,4070
0,0,0,0,0,4390,51454,4393,4070
0,0,0,0,0,4390,51454,4393,4070
0,0,0,0,0,4390,51454,4393,4070
0,0,0,0,0,4390,51456,4393,4070
0,0,0,0,0,4389,51496,4393,4070
0,0,0,0,0,4388,51506,4393,4070
0,0,0,0,0,4388,51506,4393,4070
0,0,0,0,0,4388,51506,4393,4070
0,0,0,0,0,4388,51506,4393,4070
0,0,0,0,0,4388,51506,4393,4070
0,0,0,0,0,4388,51506,4393,4070
0,0,0,0,0,4388,51506,4393,4070
0,0,0,0,0,4388,51572,4393,4070
0,0,0,0,0,4388,51622,4393,4070
0,0,0,0,0,4388,51622,4393,4070
0,0,0,0,0,4388,51622,4393,4070
0,0,0,0,0,4388,51622,4393,4070
0,0,0,0,0,4388,51628,4393,4070
0,0,0,0,0,4388,51628,4393,4070
0,0,0,0,0,4388,51628,4393,4070
0,0,0,0,0,4388,51630,4393,4070
0,0,0,0,0,4388,51634,4393,4070
0,0,0,0,0,4388,51634,4393,4070
0,0,0,0,0,4388,51634,4393,4070
0,0,0,0,0,4388,51634,4393,4070
0,0,0,0,0,4388,51634,4393,4070
0,0,0,0,0,4388,51634,4393,4070
0,0,0,0,0,4388,51634,4393,4070
0,0,0,0,0,4388,51638,4393,4070
0,0,0,0,0,4389,51662,4393,4070
0,0,0,0,0,4389,51678,4393,4070
0,0,0,0,0,4389,51678,4393,4070
0,0,0,0,0,4389,51682,4393,4070
0,0,0,0,0,4389,51698,4393,4070
0,0,0,0,0,4389,51698,4393,4070
0,0,0,0,0,4389,51698,4393,4070
0,0,0,0,0,4388,51726,4393,4070
0,0,0,0,0,4388,51726,4393,4070
0,0,0,0,0,4388,51738,4393,4070
0,0,0,0,0,4388,51744,4393,4070
0,0,0,0,0,4388,51754,4393,4070
0,0,0,0,0,4388,51754,4393,4070
0,0,0,0,0,4387,51776,4393,4070
0,0,0,0,0,4387,52064,4393,4070
0,0,0,0,0,4387,52074,4393,4070
0,0,0,0,0,4387,52080,4393,4070
0,0,0,0,0,4387,52080,4393,4070
0,0,0,0,0,4387,52080,4393,4070
0,0,0,0,0,4387,52080,4393,4070
0,0,0,0,0,4387,52090,4393,4070
0,0,0,0,0,4386,52094,4393,4070
0,0,0,0,0,4387,52102,4393,4070
0,0,0,0,0,4387,52114,4393,4070
0,0,0,0,0,4386,52126,4393,4070
0,0,0,0,0,4386,52126,4393,4070
0,0,0,0,0,4386,52128,4393,4070
0,0,0,0,0,4386,52128,4393,4070
0,0,0,0,0,4387,52134,4393,4070
0,0,0,0,0,4387,52178,4393,4070
0,0,0,0,0,4387,52178,4393,4070
0,0,0,0,0,4387,52178,4393,4070
0,0,0,0,0,4385,52198,4393,4070
0,0,0,0,0,4387,52200,4393,4070
0,0,0,0,0,4387,52202,4393,4070
0,0,0,0,0,4387,52202,4393,4070
0,0,0,0,0,4387,52202,4393,4070
0,0,0,0,0,4387,52204,4393,4070
0,0,0,0,0,4387,52206,4393,4070
0,0,0,0,0,4387,52222,4393,4070
0,0,0,0,0,4388,52232,4393,4070
0,0,0,0,0,4386,52234,4393,4070
0,0,0,0,0,4388,52244,4393,4070
0,0,0,0,0,4388,52244,4393,4070
0,0,0,0,0,4385,52402,4393,4070
0,0,0,0,0,4385,52502,4393,4070
0,0,0,0,0,4385,52514,4393,4070
0,0,0,0,0,4385,52514,4393,4070
0,0,0,0,0,4385,52516,4393,4070
0,0,0,0,0,4385,52526,4393,4070
0,0,0,0,0,4385,52622,4393,4070
0,0,0,0,0,4385,52650,4393,4070
0,0,0,0,0,4385,52656,4393,4070
0,0,0,0,0,4385,52656,4393,4070
0,0,0,0,0,4385,52656,4393,4070
0,0,0,0,0,4385,52656,4393,4070
0,0,0,0,0,4385,52656,4393,4070
0,0,0,0,0,4385,52656,4393,4070
0,0,0,0,0,4385,52656,4393,4070
0,0,0,0,0,4385,52656,4393,4070
0,0,0,0,0,4385,52656,4393,4070
0,0,0,0,0,4385,52658,4393,4070
0,0,0,0,0,4385,52658,4393,4070
0,0,0,0,0,4386,52660,4393,4070
0,0,0,0,0,4386,52660,4393,4070
0,0,0,0,0,4386,52660,4393,4070
0,0,0,0,0,4386,52660,4393,4070
0,0,0,0,0,4386,52668,4393,4070
0,0,0,0,0,4386,52668,4393,4070
0,0,0,0,0,4386,52668,4393,4070
0,0,0,0,0,4386,52668,4393,4070
0,0,0,0,0,4386,52668,4393,4070
0,0,0,0,0,4386,52668,4393,4070
0,0,0,0,0,4386,52668,4393,4070
0,0,0,0,0,4386,52668,4393,4070
0,0,0,0,0,4386,52668,4393,4070
0,0,0,0,0,4386,52668,4393,4070
0,0,0,0,0,4385,52672,4393,4070
0,0,0,0,0,4385,52692,4393,4070
0,0,0,0,0,4385,52692,4393,4070
0,0,0,0,0,4386,52700,4393,4070
0,0,0,0,0,4386,52712,4393,4070
0,0,0,0,0,4386,52712,4393,4070
0,0,0,0,0,4386,52712,4393,4070
0,0,0,0,0,4386,52712,4393,4070
0,0,0,0,0,4386,52712,4393,4070
0,0,0,0,0,4385,52716,4393,4070
0,0,0,0,0,4385,52716,4393,4070
0,0,0,0,0,4385,52718,4393,4070
0,0,0,0,0,4385,52718,4393,4070
0,0,0,0,0,4385,52718,4393,4070
0,0,0,0,0,4386,52728,4393,4070
0,0,0,0,0,4386,52728,4393,4070
0,0,0,0,0,4385,52730,4393,4070
0,0,0,0,0,4385,52762,4393,4070
0,0,0,0,0,4385,52810,4393,4070
0,0,0,0,0,4385,52810,4393,4070
0,0,0,0,0,4385,52810,4393,4070
0,0,0,0,0,4385,52812,4393,4070
0,0,0,0,0,4386,52814,4393,4070
0,0,0,0,0,4386,52814,4393,4070
0,0,0,0,0,4386,52814,4393,4070
0,0,0,0,0,4386,52814,4393,4070
0,0,0,0,0,4385,52816,4393,4070
0,0,0,0,0,4385,52818,4393,4070
0,0,0,0,0,4385,52818,4393,4070
0,0,0,0,0,4385,52818,4393,4070
0,0,0,0,0,4385,52818,4393,4070
0,0,0,0,0,4385,52818,4393,4070
0,0,0,0,0,4385,52818,4393,4070
0,0,0,0,0,4385,52818,4393,4070
0,0,0,0,0,4385,52818,4393,4070
0,0,0,0,0,4385,52834,4393,4070
0,0,0,0,0,4385,52834,4393,4070
0,0,0,0,0,4385,52834,4393,4070
0,0,0,0,0,4385,52834,4393,4070
0,0,0,0,0,4385,52834,4393,4070
0,0,0,0,0,4385,52838,4393,4070
0,0,0,0,0,4385,52844,4393,4070
0,0,0,0,0,4385,52850,4393,4070
0,0,0,0,0,4386,52904,4393,4070
0,0,0,0,0,4386,52954,4393,4070
0,0,0,0,0,4385,52956,4393,4070
0,0,0,0,0,4385,52956,4393,4070
0,0,0,0,0,4387,53016,4393,4070
0,0,0,0,0,4385,53018,4393,4070
0,0,0,0,0,4385,53018,4393,4070
0,0,0,0,0,4385,53018,4393,4070
0,0,0,0,0,4385,53018,4393,4070
0,0,0,0,0,4385,53018,4393,4070
0,0,0,0,0,4384,53020,4393,4070
0,0,0,0,0,4384,53050,4393,4070
0,0,0,0,0,4384,53084,4393,4070
0,0,0,0,0,4384,53088,4393,4070
0,0,0,0,0,4384,53088,4393,4070
0,0,0,0,0,4384,53090,4393,4070
0,0,0,0,0,4384,53090,4393,4070
0,0,0,0,0,4384,53090,4393,4070
0,0,0,0,0,4384,53090,4393,4070
0,0,0,0,0,4384,53090,4393,4070
0,0,0,0,0,4384,53090,4393,4070
0,0,0,0,0,4384,53090,4393,4070
0,0,0,0,0,4384,53090,4393,4070
0,0,0,0,0,4384,53090,4393,4070
0,0,0,0,0,4384,53092,4393,4070
0,0,0,0,0,4384,53092,4393,4070
0,0,0,0,0,4384,53092,4393,4070
0,0,0,0,0,4384,53094,4393,4070
0,0,0,0,0,4384,53094,4393,4070
0,0,0,0,0,4383,53104,4393,4070
0,0,0,0,0,4383,53112,4393,4070
0,0,0,0,0,4383,53114,4393,4070
0,0,0,0,0,4384,53134,4393,4070
0,0,0,0,0,4384,53134,4393,4070
0,0,0,0,0,4384,53134,4393,4070
0,0,0,0,0,4384,53134,4393,4070
0,0,0,0,0,4384,53134,4393,4070
0,0,0,0,0,4384,53134,4393,4070
0,0,0,0,0,4383,53136,4393,4070
0,0,0,0,0,4383,53148,4393,4070
0,0,0,0,0,4384,53180,4393,4070
0,0,0,0,0,4384,53180,4393,4070
0,0,0,0,0,4384,53180,4393,4070
0,0,0,0,0,4384,53186,4393,4070
0,0,0,0,0,4384,53192,4393,4070
0,0,0,0,0,4384,53192,4393,4070
0,0,0,0,0,4384,53192,4393,4070
0,0,0,0,0,4384,53192,4393,4070
0,0,0,0,0,4384,53194,4393,4070
0,0,0,0,0,4384,53194,4393,4070
0,0,0,0,0,4384,53194,4393,4070
0,0,0,0,0,4384,53194,4393,4070
0,0,0,0,0,4384,53194,4393,4070
0,0,0,0,0,4384,53194,4393,4070
0,0,0,0,0,4384,53194,4393,4070
0,0,0,0,0,4384,53196,4393,4070
0,0,0,0,0,4384,53196,4393,4070
0,0,0,0,0,4384,53196,4393,4070
0,0,0,0,0,4384,53196,4393,4070
0,0,0,0,0,4384,53196,4393,4070
0,0,0,0,0,4384,53198,4393,4070
0,0,0,0,0,4384,53198,4393,4070
0,0,0,0,0,4384,53198,4393,4070
0,0,0,0,0,4384,53200,4393,4070
0,0,0,0,0,4385,53204,4393,4070
0,0,0,0,0,4385,53204,4393,4070
0,0,0,0,0,4385,53204,4393,4070
0,0,0,0,0,4384,53206,4393,4070
0,0,0,0,0,4384,53206,4393,4070
0,0,0,0,0,4384,53206,4393,4070
0,0,0,0,0,4384,53206,4393,4070
0,0,0,0,0,4385,53208,4393,4070
0,0,0,0,0,4385,53208,4393,4070
0,0,0,0,0,4385,53208,4393,4070
0,0,0,0,0,4385,53208,4393,4070
0,0,0,0,0,4385,53208,4393,4070
0,0,0,0,0,4385,53212,4393,4070
0,0,0,0,0,4385,53212,4393,4070
0,0,0,0,0,4385,53212,4393,4070
0,0,0,0,0,4385,53212,4393,4070
0,0,0,0,0,4384,53222,4393,4070
0,0,0,0,0,4384,53226,4393,4070
0,0,0,0,0,4384,53226,4393,4070
0,0,0,0,0,4384,53226,4393,4070
0,0,0,0,0,4384,53228,4393,4070
0,0,0,0,0,4384,53232,4393,4070
0,0,0,0,0,4384,53232,4393,4070
0,0,0,0,0,4384,53232,4393,4070
0,0,0,0,0,4384,53232,4393,4070
0,0,0,0,0,4384,53232,4393,4070
0,0,0,0,0,4384,53232,4393,4070
0,0,0,0,0,4384,53232,4393,4070
0,0,0,0,0,4384,53232,4393,4070
0,0,0,0,0,4384,53232,4393,4070
0,0,0,0,0,4384,53246,4393,4070
0,0,0,0,0,4384,53248,4393,4070
0,0,0,0,0,4383,53258,4393,4070
0,0,0,0,0,4383,53258,4393,4070
0,0,0,0,0,4383,53258,4393,4070
0,0,0,0,0,4385,53268,4393,4070
0,0,0,0,0,4385,53268,4393,4070
0,0,0,0,0,4385,53268,4393,4070
0,0,0,0,0,4385,53268,4393,4070
0,0,0,0,0,4384,53272,4393,4070
0,0,0,0,0,4384,53272,4393,4070
0,0,0,0,0,4384,53272,4393,4070
0,0,0,0,0,4384,53274,4393,4070
0,0,0,0,0,4384,53284,4393,4070
0,0,0,0,0,4384,53284,4393,4070
0,0,0,0,0,4384,53284,4393,4070
0,0,0,0,0,4384,53284,4393,4070
0,0,0,0,0,4384,53284,4393,4070
0,0,0,0,0,4384,53294,4393,4070
0,0,0,0,0,4384,53294,4393,4070
0,0,0,0,0,4384,53294,4393,4070
0,0,0,0,0,4384,53294,4393,4070
0,0,0,0,0,4384,53294,4393,4070
0,0,0,0,0,4385,53302,4393,4070
0,0,0,0,0,4385,53302,4393,4070
0,0,0,0,0,4385,53302,4393,4070
0,0,0,0,0,4383,53304,4393,4070
0,0,0,0,0,4384,53306,4393,4070
0,0,0,0,0,4384,53306,4393,4070
0,0,0,0,0,4384,53306,4393,4070
0,0,0,0,0,4384,53306,4393,4070
0,0,0,0,0,4384,53306,4393,4070
0,0,0,0,0,4384,53306,4393,4070
0,0,0,0,0,4382,53312,4393,4070
0,0,0,0,0,4382,53312,4393,4070
0,0,0,0,0,4382,53312,4393,4070
0,0,0,0,0,4382,53312,4393,4070
0,0,0,0,0,4383,53322,4393,4070
0,0,0,0,0,4384,53324,4393,4070
0,0,0,0,0,4384,53324,4393,4070
0,0,0,0,0,4384,53324,4393,4070
0,0,0,0,0,4383,53330,4393,4070
0,0,0,0,0,4383,53332,4393,4070
0,0,0,0,0,4383,53334,4393,4070
0,0,0,0,0,4383,53334,4393,4070
0,0,0,0,0,4383,53334,4393,4070
0,0,0,0,0,4384,53336,4393,4070
0,0,0,0,0,4384,53336,4393,4070
0,0,0,0,0,4384,53340,4393,4070
0,0,0,0,0,4384,53340,4393,4070
0,0,0,0,0,4384,53340,4393,4070
0,0,0,0,0,4384,53340,4393,4070
0,0,0,0,0,4384,53340,4393,4070
0,0,0,0,0,4384,53352,4393,4070
0,0,0,0,0,4384,53352,4393,4070
0,0,0,0,0,4384,53352,4393,4070
0,0,0,0,0,4384,53368,4393,4070
0,0,0,0,0,4384,53368,4393,4070
0,0,0,0,0,4384,53368,4393,4070
0,0,0,0,0,4384,53368,4393,4070
0,0,0,0,0,4384,53370,4393,4070
0,0,0,0,0,4383,53386,4393,4070
0,0,0,0,0,4383,53386,4393,4070
0,0,0,0,0,4383,53388,4393,4070
0,0,0,0,0,4383,53388,4393,4070
0,0,0,0,0,4384,53398,4393,4070
0,0,0,0,0,4383,53400,4393,4070
0,0,0,0,0,4383,53400,4393,4070
0,0,0,0,0,4384,53430,4393,4070
0,0,0,0,0,4384,53440,4393,4070
0,0,0,0,0,4384,53440,4393,4070
0,0,0,0,0,4384,53440,4393,4070
0,0,0,0,0,4384,53440,4393,4070
0,0,0,0,0,4384,53440,4393,4070
0,0,0,0,0,4384,53440,4393,4070
0,0,0,0,0,4384,53440,4393,4070
0,0,0,0,0,4383,53442,4393,4070
0,0,0,0,0,4384,53444,4393,4070
0,0,0,0,0,4384,53444,4393,4070
0,0,0,0,0,4384,53444,4393,4070
0,0,0,0,0,4384,53444,4393,4070
0,0,0,0,0,4384,53444,4393,4070
0,0,0,0,0,4383,53448,4393,4070
0,0,0,0,0,4383,53448,4393,4070
0,0,0,0,0,4383,53448,4393,4070
0,0,0,0,0,4383,53448,4393,4070
0,0,0,0,0,4383,53448,4393,4070
0,0,0,0,0,4383,53448,4393,4070
0,0,0,0,0,4383,53448,4393,4070
0,0,0,0,0,4383,53456,4393,4070
0,0,0,0,0,4383,53458,4393,4070
0,0,0,0,0,4384,53460,4393,4070
0,0,0,0,0,4384,53460,4393,4070
0,0,0,0,0,4383,53560,4393,4070
0,0,0,0,0,4383,53560,4393,4070
0,0,0,0,0,4383,53560,4393,4070
0,0,0,0,0,4383,53560,4393,4070
0,0,0,0,0,4383,53594,4393,4070
0,0,0,0,0,4383,53594,4393,4070
0,0,0,0,0,4383,53594,4393,4070
0,0,0,0,0,4383,53620,4393,4070
0,0,0,0,0,4383,53620,4393,4070
0,0,0,0,0,4383,53620,4393,4070
0,0,0,0,0,4383,53620,4393,4070
0,0,0,0,0,4383,53622,4393,4070
0,0,0,0,0,4383,53632,4393,4070
0,0,0,0,0,4383,53662,4393,4070
0,0,0,0,0,4382,53664,4393,4070
0,0,0,0,0,4382,53664,4393,4070
0,0,0,0,0,4382,53664,4393,4070
0,0,0,0,0,4382,53664,4393,4070
0,0,0,0,0,4382,53664,4393,4070
0,0,0,0,0,4382,53664,4393,4070
0,0,0,0,0,4383,53678,4393,4070
0,0,0,0,0,4383,53680,4393,4070
0,0,0,0,0,4383,53684,4393,4070
0,0,0,0,0,4383,53684,4393,4070
0,0,0,0,0,4383,53684,4393,4070
0,0,0,0,0,4383,53684,4393,4070
0,0,0,0,0,4383,53684,4393,4070
0,0,0,0,0,4383,53684,4393,4070
0,0,0,0,0,4383,53684,4393,4070
0,0,0,0,0,4383,53684,4393,4070
0,0,0,0,0,4383,53686,4393,4070
0,0,0,0,0,4383,53686,4393,4070
0,0,0,0,0,4383,53692,4393,4070
0,0,0,0,0,4383,53692,4393,4070
0,0,0,0,0,4383,53692,4393,4070
0,0,0,0,0,4383,53692,4393,4070
0,0,0,0,0,4383,53692,4393,4070
0,0,0,0,0,4383,53694,4393,4070
0,0,0,0,0,4383,53694,4393,4070
0,0,0,0,0,4383,53694,4393,4070
0,0,0,0,0,4383,53694,4393,4070
0,0,0,0,0,4383,53694,4393,4070
0,0,0,0,0,4383,53696,4393,4070
0,0,0,0,0,4383,53698,4393,4070
0,0,0,0,0,4383,53698,4393,4070
0,0,0,0,0,4383,53698,4393,4070
0,0,0,0,0,4383,53698,4393,4070
0,0,0,0,0,4383,53698,4393,4070
0,0,0,0,0,4383,53698,4393,4070
0,0,0,0,0,4383,53698,4393,4070
0,0,0,0,0,4383,53698,4393,4070
0,0,0,0,0,4383,53698,4393,4070
0,0,0,0,0,4383,53698,4393,4070
0,0,0,0,0,4383,53698,4393,4070
0,0,0,0,0,4383,53698,4393,4070
0,0,0,0,0,4383,53698,4393,4070
0,0,0,0,0,4383,53702,4393,4070
0,0,0,0,0,4383,53706,4393,4070
0,0,0,0,0,4383,53706,4393,4070
0,0,0,0,0,4383,53706,4393,4070
0,0,0,0,0,4383,53706,4393,4070
0,0,0,0,0,4383,53706,4393,4070
0,0,0,0,0,4383,53706,4393,4070
0,0,0,0,0,4383,53706,4393,4070
0,0,0,0,0,4383,53706,4393,4070
0,0,0,0,0,4382,53708,4393,4070
0,0,0,0,0,4382,53708,4393,4070
0,0,0,0,0,4382,53710,4393,4070
0,0,0,0,0,4382,53710,4393,4070
0,0,0,0,0,4382,53710,4393,4070
0,0,0,0,0,4382,53710,4393,4070
0,0,0,0,0,4382,53710,4393,4070
0,0,0,0,0,4382,53710,4393,4070
0,0,0,0,0,4383,53716,4393,4070
0,0,0,0,0,4383,53716,4393,4070
0,0,0,0,0,4383,53718,4393,4070
0,0,0,0,0,4383,53718,4393,4070
0,0,0,0,0,4383,53720,4393,4070
0,0,0,0,0,4383,53750,4393,4070
0,0,0,0,0,4383,53770,4393,4070
0,0,0,0,0,4383,53770,4393,4070
0,0,0,0,0,4383,53770,4393,4070
0,0,0,0,0,4383,53770,4393,4070
0,0,0,0,0,4383,53770,4393,4070
0,0,0,0,0,4384,53904,4393,4070
0,0,0,0,0,4384,53904,4393,4070
0,0,0,0,0,4384,53904,4393,4070
0,0,0,0,0,4384,53904,4393,4070
0,0,0,0,0,4384,53904,4393,4070
0,0,0,0,0,4385,53906,4393,4070
0,0,0,0,0,4385,53906,4393,4070
0,0,0,0,0,4385,53906,4393,4070
0,0,0,0,0,4385,53906,4393,4070
0,0,0,0,0,4384,53908,4393,4070
0,0,0,0,0,4384,53910,4393,4070
0,0,0,0,0,4384,53910,4393,4070
0,0,0,0,0,4384,53910,4393,4070
0,0,0,0,0,4385,53968,4393,4070
0,0,0,0,0,4385,53992,4393,4070
0,0,0,0,0,4385,53992,4393,4070
0,0,0,0,0,4385,53992,4393,4070
0,0,0,0,0,4385,53992,4393,4070
0,0,0,0,0,4385,54002,4393,4070
0,0,0,0,0,4385,54002,4393,4070
0,0,0,0,0,4385,54002,4393,4070
0,0,0,0,0,4386,54004,4393,4070
0,0,0,0,0,4386,54004,4393,4070
0,0,0,0,0,4385,54006,4393,4070
0,0,0,0,0,4385,54006,4393,4070
0,0,0,0,0,4385,54006,4393,4070
0,0,0,0,0,4386,54010,4393,4070
0,0,0,0,0,4386,54010,4393,4070
0,0,0,0,0,4386,54014,4393,4070
0,0,0,0,0,4385,54016,4393,4070
0,0,0,0,0,4385,54016,4393,4070
0,0,0,0,0,4385,54016,4393,4070
0,0,0,0,0,4385,54016,4393,4070
0,0,0,0,0,4385,54016,4393,4070
0,0,0,0,0,4385,54018,4393,4070
0,0,0,0,0,4385,54018,4393,4070
0,0,0,0,0,4385,54018,4393,4070
0,0,0,0,0,4385,54018,4393,4070
0,0,0,0,0,4385,54018,4393,4070
0,0,0,0,0,4385,54018,4393,4070
0,0,0,0,0,4385,54018,4393,4070
0,0,0,0,0,4385,54022,4393,4070
0,0,0,0,0,4385,54034,4393,4070
0,0,0,0,0,4385,54034,4393,4070
0,0,0,0,0,4385,54034,4393,4070
0,0,0,0,0,4385,54034,4393,4070
0,0,0,0,0,4385,54034,4393,4070
0,0,0,0,0,4384,54038,4393,4070
0,0,0,0,0,4384,54038,4393,4070
0,0,0,0,0,4384,54038,4393,4070
0,0,0,0,0,4384,54038,4393,4070
0,0,0,0,0,4385,54040,4393,4070
0,0,0,0,0,4385,54040,4393,4070
0,0,0,0,0,4385,54040,4393,4070
0,0,0,0,0,4385,54040,4393,4070
0,0,0,0,0,4385,54044,4393,4070
0,0,0,0,0,4385,54044,4393,4070
0,0,0,0,0,4385,54044,4393,4070
0,0,0,0,0,4385,54044,4393,4070
0,0,0,0,0,4385,54084,4393,4070
0,0,0,0,0,4385,54090,4393,4070
0,0,0,0,0,4385,54090,4393,4070
0,0,0,0,0,4385,54090,4393,4070
0,0,0,0,0,4386,54092,4393,4070
0,0,0,0,0,4386,54092,4393,4070
0,0,0,0,0,4386,54092,4393,4070
0,0,0,0,0,4384,54094,4393,4070
0,0,0,0,0,4385,54096,4393,4070
0,0,0,0,0,4385,54096,4393,4070
0,0,0,0,0,4385,54098,4393,4070
0,0,0,0,0,4385,54098,4393,4070
0,0,0,0,0,4385,54098,4393,4070
0,0,0,0,0,4385,54098,4393,4070
0,0,0,0,0,4385,54098,4393,4070
0,0,0,0,0,4385,54100,4393,4070
0,0,0,0,0,4385,54128,4393,4070
0,0,0,0,0,4385,54128,4393,4070
0,0,0,0,0,4385,54128,4393,4070
0,0,0,0,0,4384,54136,4393,4070
0,0,0,0,0,4384,54136,4393,4070
0,0,0,0,0,4384,54138,4393,4070
0,0,0,0,0,4384,54140,4393,4070
0,0,0,0,0,4384,54142,4393,4070
0,0,0,0,0,4384,54142,4393,4070
0,0,0,0,0,4384,54142,4393,4070
0,0,0,0,0,4384,54142,4393,4070
0,0,0,0,0,4385,54144,4393,4070
0,0,0,0,0,4385,54144,4393,4070
0,0,0,0,0,4384,54184,4393,4070
0,0,0,0,0,4384,54214,4393,4070
0,0,0,0,0,4384,54224,4393,4070
0,0,0,0,0,4384,54224,4393,4070
0,0,0,0,0,4384,54224,4393,4070
0,0,0,0,0,4385,54226,4393,4070
0,0,0,0,0,4385,54228,4393,4070
0,0,0,0,0,4385,54228,4393,4070
0,0,0,0,0,4385,54228,4393,4070
0,0,0,0,0,4385,54228,4393,4070
0,0,0,0,0,4384,54230,4393,4070
0,0,0,0,0,4385,54232,4393,4070
0,0,0,0,0,4385,54234,4393,4070
0,0,0,0,0,4385,54234,4393,4070
0,0,0,0,0,4385,54234,4393,4070
0,0,0,0,0,4385,54248,4393,4070
0,0,0,0,0,4385,54248,4393,4070
0,0,0,0,0,4385,54248,4393,4070
0,0,0,0,0,4385,54248,4393,4070
0,0,0,0,0,4385,54248,4393,4070
0,0,0,0,0,4385,54248,4393,4070
0,0,0,0,0,4385,54248,4393,4070
0,0,0,0,0,4385,54248,4393,4070
0,0,0,0,0,4385,54248,4393,4070
0,0,0,0,0,4385,54248,4393,4070
0,0,0,0,0,4384,54252,4393,4070
0,0,0,0,0,4384,54252,4393,4070
0,0,0,0,0,4384,54252,4393,4070
0,0,0,0,0,4385,54272,4393,4070
0,0,0,0,0,4385,54288,4393,4070
0,0,0,0,0,4385,54288,4393,4070
0,0,0,0,0,4385,54288,4393,4070
0,0,0,0,0,4385,54288,4393,4070
0,0,0,0,0,4385,54288,4393,4070
0,0,0,0,0,4385,54288,4393,4070
0,0,0,0,0,4385,54288,4393,4070
0,0,0,0,0,4385,54288,4393,4070
0,0,0,0,0,4385,54288,4393,4070
0,0,0,0,0,4385,54288,4393,4070
0,0,0,0,0,4385,54288,4393,4070
0,0,0,0,0,4385,54288,4393,4070
0,0,0,0,0,4385,54288,4393,4070
0,0,0,0,0,4385,54288,4393,4070
0,0,0,0,0,4385,54288,4393,4070
0,0,0,0,0,4385,54288,4393,4070
0,0,0,0,0,4385,54288,4393,4070
0,0,0,0,0,4385,54288,4393,4070
0,0,0,0,0,4385,54288,4393,4070
0,0,0,0,0,4385,54288,4393,4070
0,0,0,0,0,4384,54290,4393,4070
0,0,0,0,0,4384,54290,4393,4070
0,0,0,0,0,4384,54290,4393,4070
0,0,0,0,0,4384,54312,4393,4070
0,0,0,0,0,4384,54316,4393,4070
0,0,0,0,0,4384,54316,4393,4070
0,0,0,0,0,4384,54316,4393,4070
0,0,0,0,0,4385,54320,4393,4070
0,0,0,0,0,4385,54320,4393,4070
0,0,0,0,0,4385,54320,4393,4070
0,0,0,0,0,4385,54320,4393,4070
0,0,0,0,0,4385,54322,4393,4070
0,0,0,0,0,4385,54322,4393,4070
0,0,0,0,0,4385,54354,4393,4070
0,0,0,0,0,4385,54360,4393,4070
0,0,0,0,0,4385,54360,4393,4070
0,0,0,0,0,4385,54360,4393,4070
0,0,0,0,0,4385,54360,4393,4070
0,0,0,0,0,4385,54360,4393,4070
0,0,0,0,0,4385,54362,4393,4070
0,0,0,0,0,4385,54364,4393,4070
0,0,0,0,0,4385,54364,4393,4070
0,0,0,0,0,4385,54364,4393,4070
0,0,0,0,0,4385,54372,4393,4070
0,0,0,0,0,4385,54372,4393,4070
0,0,0,0,0,4386,54374,4393,4070
0,0,0,0,0,4386,54374,4393,4070
0,0,0,0,0,4386,54374,4393,4070
0,0,0,0,0,4386,54374,4393,4070
0,0,0,0,0,4386,54374,4393,4070
0,0,0,0,0,4386,54374,4393,4070
0,0,0,0,0,4385,54376,4393,4070
0,0,0,0,0,4386,54378,4393,4070
0,0,0,0,0,4386,54378,4393,4070
0,0,0,0,0,4386,54378,4393,4070
0,0,0,0,0,4386,54378,4393,4070
0,0,0,0,0,4386,54384,4393,4070
0,0,0,0,0,4386,54384,4393,4070
0,0,0,0,0,4386,54386,4393,4070
0,0,0,0,0,4386,54386,4393,4070
0,0,0,0,0,4386,54386,4393,4070
0,0,0,0,0,4386,54386,4393,4070
0,0,0,0,0,4386,54386,4393,4070
0,0,0,0,0,4385,54388,4393,4070
0,0,0,0,0,4385,54388,4393,4070
0,0,0,0,0,4385,54388,4393,4070
0,0,0,0,0,4385,54388,4393,4070
0,0,0,0,0,4386,54390,4393,4070
0,0,0,0,0,4386,54390,4393,4070
0,0,0,0,0,4386,54400,4393,4070
0,0,0,0,0,4386,54400,4393,4070
0,0,0,0,0,4386,54400,4393,4070
0,0,0,0,0,4386,54400,4393,4070
0,0,0,0,0,4386,54400,4393,4070
0,0,0,0,0,4386,54400,4393,4070
0,0,0,0,0,4386,54404,4393,4070
0,0,0,0,0,4386,54404,4393,4070
0,0,0,0,0,4386,54404,4393,4070
0,0,0,0,0,4386,54416,4393,4070
0,0,0,0,0,4386,54416,4393,4070
0,0,0,0,0,4386,54416,4393,4070
0,0,0,0,0,4386,54416,4393,4070
0,0,0,0,0,4386,54416,4393,4070
0,0,0,0,0,4386,54418,4393,4070
0,0,0,0,0,4386,54418,4393,4070
0,0,0,0,0,4386,54418,4393,4070
0,0,0,0,0,4386,54418,4393,4070
0,0,0,0,0,4386,54426,4393,4070
0,0,0,0,0,4386,54426,4393,4070
0,0,0,0,0,4387,54500,4393,4070
0,0,0,0,0,4387,54500,4393,4070
0,0,0,0,0,4385,54558,4393,4070
0,0,0,0,0,4384,54604,4393,4070
0,0,0,0,0,4384,54614,4393,4070
0,0,0,0,0,4384,54620,4393,4070
0,0,0,0,0,4383,54678,4393,4070
0,0,0,0,0,4383,54678,4393,4070
0,0,0,0,0,4384,54680,4393,4070
0,0,0,0,0,4384,54688,4393,4070
0,0,0,0,0,4384,54688,4393,4070
0,0,0,0,0,4384,54688,4393,4070
0,0,0,0,0,4384,54688,4393,4070
0,0,0,0,0,4384,54688,4393,4070
0,0,0,0,0,4384,54690,4393,4070
0,0,0,0,0,4384,54690,4393,4070
0,0,0,0,0,4384,54690,4393,4070
0,0,0,0,0,4384,54690,4393,4070
0,0,0,0,0,4384,54690,4393,4070
0,0,0,0,0,4384,54690,4393,4070
0,0,0,0,0,4385,54694,4393,4070
0,0,0,0,0,4385,54694,4393,4070
0,0,0,0,0,4385,54694,4393,4070
0,0,0,0,0,4385,54694,4393,4070
0,0,0,0,0,4384,54698,4393,4070
0,0,0,0,0,4384,54698,4393,4070
0,0,0,0,0,4384,54698,4393,4070
0,0,0,0,0,4384,54698,4393,4070
0,0,0,0,0,4384,54698,4393,4070
0,0,0,0,0,4384,54698,4393,4070
0,0,0,0,0,4384,54698,4393,4070
0,0,0,0,0,4383,54728,4393,4070
0,0,0,0,0,4383,54728,4393,4070
0,0,0,0,0,4383,54728,4393,4070
0,0,0,0,0,4383,54730,4393,4070
0,0,0,0,0,4384,54734,4393,4070
0,0,0,0,0,4384,54734,4393,4070
0,0,0,0,0,4383,54754,4393,4070
0,0,0,0,0,4383,54754,4393,4070
0,0,0,0,0,4383,54754,4393,4070
0,0,0,0,0,4384,54756,4393,4070
0,0,0,0,0,4384,54756,4393,4070
0,0,0,0,0,4383,54768,4393,4070
0,0,0,0,0,4383,54768,4393,4070
0,0,0,0,0,4383,54768,4393,4070
0,0,0,0,0,4383,54768,4393,4070
0,0,0,0,0,4383,54790,4393,4070
0,0,0,0,0,4383,54808,4393,4070
0,0,0,0,0,4383,54808,4393,4070
0,0,0,0,0,4383,54812,4393,4070
0,0,0,0,0,4383,54812,4393,4070
0,0,0,0,0,4383,54812,4393,4070
0,0,0,0,0,4383,54812,4393,4070
0,0,0,0,0,4383,54848,4393,4070
0,0,0,0,0,4383,54872,4393,4070
0,0,0,0,0,4383,54872,4393,4070
0,0,0,0,0,4382,54904,4393,4070
0,0,0,0,0,4382,54904,4393,4070
0,0,0,0,0,4382,54904,4393,4070
0,0,0,0,0,4382,54904,4393,4070
0,0,0,0,0,4382,54904,4393,4070
0,0,0,0,0,4382,54904,4393,4070
0,0,0,0,0,4382,54904,4393,4070
0,0,0,0,0,4382,54904,4393,4070
0,0,0,0,0,4382,54904,4393,4070
0,0,0,0,0,4382,54904,4393,4070
0,0,0,0,0,4384,54906,4393,4070
0,0,0,0,0,4382,54910,4393,4070
0,0,0,0,0,4382,54910,4393,4070
0,0,0,0,0,4382,54910,4393,4070
0,0,0,0,0,4382,54910,4393,4070
0,0,0,0,0,4382,54910,4393,4070
0,0,0,0,0,4382,54914,4393,4070
0,0,0,0,0,4382,54914,4393,4070
0,0,0,0,0,4382,54914,4393,4070
0,0,0,0,0,4382,54916,4393,4070
0,0,0,0,0,4383,54918,4393,4070
0,0,0,0,0,4383,54918,4393,4070
0,0,0,0,0,4383,54920,4393,4070
0,0,0,0,0,4383,54920,4393,4070
0,0,0,0,0,4383,54922,4393,4070
0,0,0,0,0,4383,54922,4393,4070
0,0,0,0,0,4383,54924,4393,4070
0,0,0,0,0,4383,54924,4393,4070
0,0,0,0,0,4383,54924,4393,4070
0,0,0,0,0,4383,54924,4393,4070
0,0,0,0,0,4383,54924,4393,4070
0,0,0,0,0,4383,54924,4393,4070
0,0,0,0,0,4383,54926,4393,4070
0,0,0,0,0,4383,54926,4393,4070
0,0,0,0,0,4383,54932,4393,4070
0,0,0,0,0,4383,54932,4393,4070
0,0,0,0,0,4383,54932,4393,4070
0,0,0,0,0,4383,54932,4393,4070
0,0,0,0,0,4383,54932,4393,4070
0,0,0,0,0,4383,54932,4393,4070
0,0,0,0,0,4383,54934,4393,4070
0,0,0,0,0,4383,54934,4393,4070
0,0,0,0,0,4383,54934,4393,4070
0,0,0,0,0,4383,54936,4393,4070
0,0,0,0,0,4384,54964,4393,4070
0,0,0,0,0,4385,54966,4393,4070
0,0,0,0,0,4385,54982,4393,4070
